,Unnamed: 0,mutant,esm1v_t33_650M_UR90S_1,esm1v_t33_650M_UR90S_2,esm1v_t33_650M_UR90S_3,esm1v_t33_650M_UR90S_4,esm1v_t33_650M_UR90S_5
0,A1,S186S,0.0,0.0,0.0,0.0,0.0
1,A2,L309A|C348S|Y384F,-5.284739017486572,-4.8993239402771,-4.121391296386719,-3.47536039352417,-4.216409683227539
2,A3,Y306A|Y384F,-5.284739017486572,-4.8993239402771,-4.121391296386719,-3.47536039352417,-4.216409683227539
3,A4,Y306M|L309G|C348A,-2.77569580078125,-2.1036481857299805,-2.3595075607299805,-2.8936495780944824,-2.7971351146698
4,A5,Y384F,-5.284739017486572,-4.8993239402771,-4.121391296386719,-3.47536039352417,-4.216409683227539
5,A6,L309A|C348S|Y384F,-5.284739017486572,-4.8993239402771,-4.121391296386719,-3.47536039352417,-4.216409683227539
6,A7,Y384W,-8.19283676147461,-9.085866928100586,-6.32114315032959,-6.3330078125,-8.308032035827637
7,A8,Y306A|L309M|C348A,-2.77569580078125,-2.1036481857299805,-2.3595075607299805,-2.8936495780944824,-2.7971351146698
8,A9,M276F|A302S|Y306C|L309M,-5.515900135040283,-4.401595115661621,-5.013864994049072,-5.421815872192383,-5.6192755699157715
9,A10,A302T|N346V|C348W|Y384F|V401L,-3.979414463043213,-5.347018718719482,-3.2306365966796875,-3.123222827911377,-3.966273546218872
10,A11,Y306A,-8.286412239074707,-9.195310592651367,-9.483616828918457,-8.03900146484375,-7.823784351348877
11,A12,Y306M|L309G|C348A|Y384F,-5.284739017486572,-4.8993239402771,-4.121391296386719,-3.47536039352417,-4.216409683227539
12,B1,L305F|L309M|N346G|C348G|Y384F,-5.284739017486572,-4.8993239402771,-4.121391296386719,-3.47536039352417,-4.216409683227539
13,B2,L305I|Y306F|N307Y|Y308N|L309Y|N346G|C348F|Y384F,-5.284739017486572,-4.8993239402771,-4.121391296386719,-3.47536039352417,-4.216409683227539
14,B3,A302T|Y384F,-5.284739017486572,-4.8993239402771,-4.121391296386719,-3.47536039352417,-4.216409683227539
15,B4,A302T|Y384F|V401L,-3.979414463043213,-5.347018718719482,-3.2306365966796875,-3.123222827911377,-3.966273546218872
16,B5,L309A|C348A|Y384F,-5.284739017486572,-4.8993239402771,-4.121391296386719,-3.47536039352417,-4.216409683227539
17,B6,A302T|N346V|C348W|Y384F|V401L|W417E,-11.047948837280273,-11.195920944213867,-11.229596138000488,-7.115152359008789,-11.685218811035156
18,B7,A302T|N346V|C348W|Y384F|V401L|W417G,-8.61210823059082,-9.82551383972168,-11.378874778747559,-4.762364387512207,-10.12746810913086
19,B8,A302T|N346V|C348W|Y384F|V401L|W417I,-5.976478576660156,-5.017619609832764,-8.241689682006836,-4.416083812713623,-7.8310346603393555
20,B9,A302T|N346V|C348W|Y384F|V401L|W417N,-9.65670108795166,-10.371030807495117,-10.107449531555176,-6.628816604614258,-10.05964183807373
21,B10,A302T|N346V|C348W|Y384F|V401L|W417M,-7.852764129638672,-8.592015266418457,-9.111865043640137,-6.005824089050293,-8.3726806640625
22,B11,A302T|N346V|C348W|Y384F|V401L|W417K,-9.485566139221191,-10.59395694732666,-12.296210289001465,-7.119297027587891,-10.772346496582031
23,B12,A302T|N346V|C348W|Y384F|V401L|W417D,-11.60499095916748,-11.587715148925781,-11.726011276245117,-7.427392482757568,-13.777872085571289
24,C1,A302T|N346V|C348W|Y384F|V401L|W417P,-10.337433815002441,-11.227556228637695,-12.903064727783203,-8.175849914550781,-14.785486221313477
25,C2,A302T|N346V|C348W|Y384F|V401L|W417Q,-9.773983001708984,-10.563655853271484,-10.926855087280273,-7.155229568481445,-10.067811965942383
26,C3,A302T|N346V|C348W|Y384F|V401L|W417A,-7.422001361846924,-7.7904887199401855,-9.690046310424805,-4.33875036239624,-7.2236328125
27,C4,A302T|N346A|C348A|Y384F|V401L|W417L,-6.337708950042725,-6.1968865394592285,-7.601580619812012,-4.806923866271973,-7.084942817687988
28,C5,A302T|N346V|C348A|Y384F|V401L|W417A,-7.422001361846924,-7.7904887199401855,-9.690046310424805,-4.33875036239624,-7.2236328125
29,C6,A302T|N346A|C348A|Y384F|V401L|W417C,-8.38895034790039,-6.154563903808594,-9.737149238586426,-4.5207624435424805,-5.641411304473877
30,C7,A302T|N346A|C348A|Y384F|V401L|W417S,-8.328965187072754,-9.414270401000977,-9.842308044433594,-5.017625331878662,-7.500340938568115
31,C8,A302T|N346V|C348V|Y384F|V401L|W417V,-6.025712966918945,-4.350934982299805,-7.138384819030762,-3.4306232929229736,-5.727137088775635
32,C9,A302T|N346V|C348A|Y384F|V401L|W417A,-7.422001361846924,-7.7904887199401855,-9.690046310424805,-4.33875036239624,-7.2236328125
33,C10,A302T|N346V|Y384F|V401L|W417A,-7.422001361846924,-7.7904887199401855,-9.690046310424805,-4.33875036239624,-7.2236328125
34,C11,A302T|N346V|C348F|Y384F|V401L|W417A,-7.422001361846924,-7.7904887199401855,-9.690046310424805,-4.33875036239624,-7.2236328125
35,C12,A302T|N346V|C348L|Y384F|V401L|W417A,-7.422001361846924,-7.7904887199401855,-9.690046310424805,-4.33875036239624,-7.2236328125
36,D1,A302T|N346V|C348T|Y384F|V401L|W417A,-7.422001361846924,-7.7904887199401855,-9.690046310424805,-4.33875036239624,-7.2236328125
37,D2,A302T|N346V|C348V|Y384F|V401L|W417A,-7.422001361846924,-7.7904887199401855,-9.690046310424805,-4.33875036239624,-7.2236328125
38,D3,A302T|N346V|C348W|Y384F|V401L|W417A,-7.422001361846924,-7.7904887199401855,-9.690046310424805,-4.33875036239624,-7.2236328125
39,D4,A302T|N346V|C348W|Y384F|V401L|W417C,-8.38895034790039,-6.154563903808594,-9.737149238586426,-4.5207624435424805,-5.641411304473877
40,D5,A302T|N346V|C348W|Y384F|V401L|W417C,-8.38895034790039,-6.154563903808594,-9.737149238586426,-4.5207624435424805,-5.641411304473877
41,D6,A302T|N346V|C348F|Y384F|V401L|W417C,-8.38895034790039,-6.154563903808594,-9.737149238586426,-4.5207624435424805,-5.641411304473877
42,D7,A302T|N346V|C348L|Y384F|V401L|W417C,-8.38895034790039,-6.154563903808594,-9.737149238586426,-4.5207624435424805,-5.641411304473877
43,D8,A302T|N346V|C348T|Y384F|V401L|W417C,-8.38895034790039,-6.154563903808594,-9.737149238586426,-4.5207624435424805,-5.641411304473877
44,D9,A302T|N346V|C348V|Y384F|V401L|W417C,-8.38895034790039,-6.154563903808594,-9.737149238586426,-4.5207624435424805,-5.641411304473877
45,D10,A302T|N346V|Y384F|V401L|W417C,-8.38895034790039,-6.154563903808594,-9.737149238586426,-4.5207624435424805,-5.641411304473877
46,D11,A302T|N346V|C348A|Y384F|V401L|W417L,-6.337708950042725,-6.1968865394592285,-7.601580619812012,-4.806923866271973,-7.084942817687988
47,D12,A302T|N346V|C348L|Y384F|V401L|W417L,-6.337708950042725,-6.1968865394592285,-7.601580619812012,-4.806923866271973,-7.084942817687988
48,E1,A302T|N346V|C348T|Y384F|V401L|W417L,-6.337708950042725,-6.1968865394592285,-7.601580619812012,-4.806923866271973,-7.084942817687988
49,E2,A302T|N346V|C348W|Y384F|V401L|W417L,-6.337708950042725,-6.1968865394592285,-7.601580619812012,-4.806923866271973,-7.084942817687988
50,E3,A302T|N346V|C348W|Y384F|V401L|W417L,-6.337708950042725,-6.1968865394592285,-7.601580619812012,-4.806923866271973,-7.084942817687988
51,E4,A302T|N346V|C348A|Y384F|V401L|W417S,-8.328965187072754,-9.414270401000977,-9.842308044433594,-5.017625331878662,-7.500340938568115
52,E5,A302T|N346V|Y384F|V401L|W417S,-8.328965187072754,-9.414270401000977,-9.842308044433594,-5.017625331878662,-7.500340938568115
53,E6,A302T|N346V|C348F|Y384F|V401L|W417S,-8.328965187072754,-9.414270401000977,-9.842308044433594,-5.017625331878662,-7.500340938568115
54,E7,A302T|N346V|C348L|Y384F|V401L|W417S,-8.328965187072754,-9.414270401000977,-9.842308044433594,-5.017625331878662,-7.500340938568115
55,E8,A302T|N346V|C348T|Y384F|V401L|W417S,-8.328965187072754,-9.414270401000977,-9.842308044433594,-5.017625331878662,-7.500340938568115
56,E9,A302T|N346V|C348V|Y384F|V401L|W417S,-8.328965187072754,-9.414270401000977,-9.842308044433594,-5.017625331878662,-7.500340938568115
57,E10,A302T|N346V|C348W|Y384F|V401L|W417S,-8.328965187072754,-9.414270401000977,-9.842308044433594,-5.017625331878662,-7.500340938568115
58,E11,A302T|N346V|C348A|Y384F|V401L|W417T,-8.156023979187012,-9.326757431030273,-8.135525703430176,-5.535977840423584,-8.565043449401855
59,E12,A302T|N346V|C348T|Y384F|V401L|W417T,-8.156023979187012,-9.326757431030273,-8.135525703430176,-5.535977840423584,-8.565043449401855
60,F1,A302T|N346V|C348L|Y384F|V401L|W417T,-8.156023979187012,-9.326757431030273,-8.135525703430176,-5.535977840423584,-8.565043449401855
61,F2,A302T|N346V|C348F|Y384F|V401L|W417T,-8.156023979187012,-9.326757431030273,-8.135525703430176,-5.535977840423584,-8.565043449401855
62,F3,A302T|N346V|C348V|Y384F|V401L|W417T,-8.156023979187012,-9.326757431030273,-8.135525703430176,-5.535977840423584,-8.565043449401855
63,F4,A302T|N346V|C348W|Y384F|V401L|W417T,-8.156023979187012,-9.326757431030273,-8.135525703430176,-5.535977840423584,-8.565043449401855
64,F5,A302T|N346V|C348A|Y384F|V401L|W417V,-6.025712966918945,-4.350934982299805,-7.138384819030762,-3.4306232929229736,-5.727137088775635
65,F6,A302T|N346V|Y384F|V401L|W417V,-6.025712966918945,-4.350934982299805,-7.138384819030762,-3.4306232929229736,-5.727137088775635
66,F7,A302T|N346V|C348F|Y384F|V401L|W417V,-6.025712966918945,-4.350934982299805,-7.138384819030762,-3.4306232929229736,-5.727137088775635
67,F8,A302T|N346V|C348L|Y384F|V401L|W417V,-6.025712966918945,-4.350934982299805,-7.138384819030762,-3.4306232929229736,-5.727137088775635
68,F9,A302T|N346V|C348W|Y384F|V401L|W417V,-6.025712966918945,-4.350934982299805,-7.138384819030762,-3.4306232929229736,-5.727137088775635
69,F10,A302T|N346V|C348A|Y384F|V401L,-3.979414463043213,-5.347018718719482,-3.2306365966796875,-3.123222827911377,-3.966273546218872
70,F11,A302T|N346V|Y384F|V401L,-3.979414463043213,-5.347018718719482,-3.2306365966796875,-3.123222827911377,-3.966273546218872
71,F12,A302T|N346V|C348F|Y384F|V401L,-3.979414463043213,-5.347018718719482,-3.2306365966796875,-3.123222827911377,-3.966273546218872
72,G1,A302T|N346V|Y384F|V401L|W417T,-8.156023979187012,-9.326757431030273,-8.135525703430176,-5.535977840423584,-8.565043449401855
73,G2,A302T|N346V|C348T|Y384F|V401L,-3.979414463043213,-5.347018718719482,-3.2306365966796875,-3.123222827911377,-3.966273546218872
74,G3,A302T|N346V|C348V|Y384F|V401L,-3.979414463043213,-5.347018718719482,-3.2306365966796875,-3.123222827911377,-3.966273546218872
75,G4,A302T|N346V|C348W|Y384F|V401L,-3.979414463043213,-5.347018718719482,-3.2306365966796875,-3.123222827911377,-3.966273546218872
76,G5,A302T|Y306L|N346A|C348A|Y384F|V401L|W417L,-6.337708950042725,-6.1968865394592285,-7.601580619812012,-4.806923866271973,-7.084942817687988
77,G6,A302T|Y306A|N346A|C348A|Y384F|V401L|W417L,-6.337708950042725,-6.1968865394592285,-7.601580619812012,-4.806923866271973,-7.084942817687988
78,G7,A302T|Y306L|N346V|C348A|Y384F|V401L|W417S,-8.328965187072754,-9.414270401000977,-9.842308044433594,-5.017625331878662,-7.500340938568115
79,G8,A302T|Y306T|N346V|C348A|Y384F|V401L|W417S,-8.328965187072754,-9.414270401000977,-9.842308044433594,-5.017625331878662,-7.500340938568115
80,G9,A302T|Y306F|N346V|C348A|Y384F|V401L|W417S,-8.328965187072754,-9.414270401000977,-9.842308044433594,-5.017625331878662,-7.500340938568115
81,G10,A302T|Y306V|N346V|C348A|Y384F|V401L|W417S,-8.328965187072754,-9.414270401000977,-9.842308044433594,-5.017625331878662,-7.500340938568115
82,G11,A302T|Y306L|N346V|C348T|Y384F|V401L,-3.979414463043213,-5.347018718719482,-3.2306365966796875,-3.123222827911377,-3.966273546218872
83,G12,A302T|Y306A|N346V|C348T|Y384F|V401L,-3.979414463043213,-5.347018718719482,-3.2306365966796875,-3.123222827911377,-3.966273546218872
84,H4,N346G|C348G|Y384F,-5.284739017486572,-4.8993239402771,-4.121391296386719,-3.47536039352417,-4.216409683227539
85,H5,Y306G|Y384F,-5.284739017486572,-4.8993239402771,-4.121391296386719,-3.47536039352417,-4.216409683227539
86,H6,Y306G|Y384F|I405R,-3.512282133102417,-2.419407367706299,-3.733260154724121,-4.0018510818481445,-3.4932408332824707
87,H7,K214N|M276N|Y306G|Y384F|I413S,-5.045191764831543,-6.613059043884277,-6.98732852935791,-6.630721569061279,-5.477931499481201
88,H8,K214N|M276N|Y306G|Y384F|I405R|I413S,-5.045191764831543,-6.613059043884277,-6.98732852935791,-6.630721569061279,-5.477931499481201
89,H9,K214N|M276N|Y306A|Y384F|I405R|I413S,-5.045191764831543,-6.613059043884277,-6.98732852935791,-6.630721569061279,-5.477931499481201
90,H10,N346Q|C348A|V401M,-3.285048007965088,-5.207911014556885,-2.905508041381836,-3.7103476524353027,-4.756261825561523
91,H11,M276P|N346Q|C348A|V401M,-3.285048007965088,-5.207911014556885,-2.905508041381836,-3.7103476524353027,-4.756261825561523
92,H12,N346Q|C348T|V401M,-3.285048007965088,-5.207911014556885,-2.905508041381836,-3.7103476524353027,-4.756261825561523
93,N5,Y306C|N346Q|Y384F|V401C,-4.144641399383545,-4.724038600921631,-4.067811965942383,-3.337442398071289,-2.667128801345825
94,N6,L309A|C348S|Y384F|V401C,-4.144641399383545,-4.724038600921631,-4.067811965942383,-3.337442398071289,-2.667128801345825
95,N7,Y306C|C348S|Y384F|V401C,-4.144641399383545,-4.724038600921631,-4.067811965942383,-3.337442398071289,-2.667128801345825
96,N8,L309A|N346Q|Y384F|V401C,-4.144641399383545,-4.724038600921631,-4.067811965942383,-3.337442398071289,-2.667128801345825
97,N9,L305C|L309V|N346Q|Y384F|V401C,-4.144641399383545,-4.724038600921631,-4.067811965942383,-3.337442398071289,-2.667128801345825
98,N10,Y306G|C348S|Y384F,-5.284739017486572,-4.8993239402771,-4.121391296386719,-3.47536039352417,-4.216409683227539
99,N11,Y306G|C348F|Y384F,-5.284739017486572,-4.8993239402771,-4.121391296386719,-3.47536039352417,-4.216409683227539
100,N12,Y306G|C348A|Y384F|I405R,-3.512282133102417,-2.419407367706299,-3.733260154724121,-4.0018510818481445,-3.4932408332824707
101,P1,L301M|L305I|Y306F|L309A|C348F,-2.7959768772125244,-2.483428478240967,-1.79856276512146,-2.763467311859131,-2.046539783477783
102,P2,L309A|C348F,-2.7959768772125244,-2.483428478240967,-1.79856276512146,-2.763467311859131,-2.046539783477783
103,P3,L305I|Y306F|L309A|C348F,-2.7959768772125244,-2.483428478240967,-1.79856276512146,-2.763467311859131,-2.046539783477783
104,P4,L309V|C348F,-2.7959768772125244,-2.483428478240967,-1.79856276512146,-2.763467311859131,-2.046539783477783
105,P5,Y306F|L309A|C348T|I405A|K415E,-4.637528419494629,-3.6204771995544434,-3.7951884269714355,-4.630581378936768,-3.5720582008361816
106,P6,C348T|Y384F,-5.284739017486572,-4.8993239402771,-4.121391296386719,-3.47536039352417,-4.216409683227539
107,P7,L309A|C348I,-0.7983339428901672,1.3751626014709473,1.2276465892791748,-1.3012659549713135,0.23421096801757812
108,P8,L309A|C348S,-4.934406280517578,-4.798208713531494,-4.863391399383545,-4.081988334655762,-5.440210342407227
109,P9,L309A,-5.608210563659668,-5.592495918273926,-5.550898551940918,-5.695982933044434,-6.828207015991211
110,P10,L309A|C348V,-0.1697559952735901,2.4538674354553223,0.993427038192749,-0.42745018005371094,1.1837859153747559
111,P11,L309A|C348V|Y384F,-5.284739017486572,-4.8993239402771,-4.121391296386719,-3.47536039352417,-4.216409683227539
112,P12,L309A|Y384F|K415E,-4.637528419494629,-3.6204771995544434,-3.7951884269714355,-4.630581378936768,-3.5720582008361816
113,Q1,Y306L|L309A|C348S|Y384F,-5.284739017486572,-4.8993239402771,-4.121391296386719,-3.47536039352417,-4.216409683227539
114,Q2,L309A|C348T|Y384F,-5.284739017486572,-4.8993239402771,-4.121391296386719,-3.47536039352417,-4.216409683227539
115,Q3,C348S|Y384F,-5.284739017486572,-4.8993239402771,-4.121391296386719,-3.47536039352417,-4.216409683227539
116,Q4,L309A|Y384F,-5.284739017486572,-4.8993239402771,-4.121391296386719,-3.47536039352417,-4.216409683227539
117,Q5,L309A|C348F,-2.7959768772125244,-2.483428478240967,-1.79856276512146,-2.763467311859131,-2.046539783477783
118,Q6,C348F|Y384F,-5.284739017486572,-4.8993239402771,-4.121391296386719,-3.47536039352417,-4.216409683227539
119,Q7,C348F|Y384W,-8.19283676147461,-9.085866928100586,-6.32114315032959,-6.3330078125,-8.308032035827637
120,Q8,C348T|F366L|E396K|F434C|K435I,-7.244434833526611,-6.72670841217041,-6.04534912109375,-6.099846839904785,-6.244994163513184
121,Q9,Y306F|L309A|C348T|Y384F,-5.284739017486572,-4.8993239402771,-4.121391296386719,-3.47536039352417,-4.216409683227539
122,Q10,L309A|C348F,-2.7959768772125244,-2.483428478240967,-1.79856276512146,-2.763467311859131,-2.046539783477783
123,Q11,L309A|C348F|Y384F,-5.284739017486572,-4.8993239402771,-4.121391296386719,-3.47536039352417,-4.216409683227539
124,Q12,L309A|C348F|K435R,-4.328120708465576,-4.965727806091309,-4.5061140060424805,-4.56188440322876,-4.078947067260742
