,mutant
A1,S186S
A2,L309A|C348S|Y384F
A3,Y306A|Y384F
A4,Y306M|L309G|C348A
A5,Y384F
A6,L309A|C348S|Y384F
A7,Y384W
A8,Y306A|L309M|C348A
A9,M276F|A302S|Y306C|L309M
A10,A302T|N346V|C348W|Y384F|V401L
A11,Y306A
A12,Y306M|L309G|C348A|Y384F
B1,L305F|L309M|N346G|C348G|Y384F
B2,L305I|Y306F|N307Y|Y308N|L309Y|N346G|C348F|Y384F
B3,A302T|Y384F
B4,A302T|Y384F|V401L
B5,L309A|C348A|Y384F
B6,A302T|N346V|C348W|Y384F|V401L|W417E
B7,A302T|N346V|C348W|Y384F|V401L|W417G
B8,A302T|N346V|C348W|Y384F|V401L|W417I
B9,A302T|N346V|C348W|Y384F|V401L|W417N
B10,A302T|N346V|C348W|Y384F|V401L|W417M
B11,A302T|N346V|C348W|Y384F|V401L|W417K
B12,A302T|N346V|C348W|Y384F|V401L|W417D
C1,A302T|N346V|C348W|Y384F|V401L|W417P
C2,A302T|N346V|C348W|Y384F|V401L|W417Q
C3,A302T|N346V|C348W|Y384F|V401L|W417A
C4,A302T|N346A|C348A|Y384F|V401L|W417L
C5,A302T|N346V|C348A|Y384F|V401L|W417A
C6,A302T|N346A|C348A|Y384F|V401L|W417C
C7,A302T|N346A|C348A|Y384F|V401L|W417S
C8,A302T|N346V|C348V|Y384F|V401L|W417V
C9,A302T|N346V|C348A|Y384F|V401L|W417A
C10,A302T|N346V|Y384F|V401L|W417A
C11,A302T|N346V|C348F|Y384F|V401L|W417A
C12,A302T|N346V|C348L|Y384F|V401L|W417A
D1,A302T|N346V|C348T|Y384F|V401L|W417A
D2,A302T|N346V|C348V|Y384F|V401L|W417A
D3,A302T|N346V|C348W|Y384F|V401L|W417A
D4,A302T|N346V|C348W|Y384F|V401L|W417C
D5,A302T|N346V|C348W|Y384F|V401L|W417C
D6,A302T|N346V|C348F|Y384F|V401L|W417C
D7,A302T|N346V|C348L|Y384F|V401L|W417C
D8,A302T|N346V|C348T|Y384F|V401L|W417C
D9,A302T|N346V|C348V|Y384F|V401L|W417C
D10,A302T|N346V|Y384F|V401L|W417C
D11,A302T|N346V|C348A|Y384F|V401L|W417L
D12,A302T|N346V|C348L|Y384F|V401L|W417L
E1,A302T|N346V|C348T|Y384F|V401L|W417L
E2,A302T|N346V|C348W|Y384F|V401L|W417L
E3,A302T|N346V|C348W|Y384F|V401L|W417L
E4,A302T|N346V|C348A|Y384F|V401L|W417S
E5,A302T|N346V|Y384F|V401L|W417S
E6,A302T|N346V|C348F|Y384F|V401L|W417S
E7,A302T|N346V|C348L|Y384F|V401L|W417S
E8,A302T|N346V|C348T|Y384F|V401L|W417S
E9,A302T|N346V|C348V|Y384F|V401L|W417S
E10,A302T|N346V|C348W|Y384F|V401L|W417S
E11,A302T|N346V|C348A|Y384F|V401L|W417T
E12,A302T|N346V|C348T|Y384F|V401L|W417T
F1,A302T|N346V|C348L|Y384F|V401L|W417T
F2,A302T|N346V|C348F|Y384F|V401L|W417T
F3,A302T|N346V|C348V|Y384F|V401L|W417T
F4,A302T|N346V|C348W|Y384F|V401L|W417T
F5,A302T|N346V|C348A|Y384F|V401L|W417V
F6,A302T|N346V|Y384F|V401L|W417V
F7,A302T|N346V|C348F|Y384F|V401L|W417V
F8,A302T|N346V|C348L|Y384F|V401L|W417V
F9,A302T|N346V|C348W|Y384F|V401L|W417V
F10,A302T|N346V|C348A|Y384F|V401L
F11,A302T|N346V|Y384F|V401L
F12,A302T|N346V|C348F|Y384F|V401L
G1,A302T|N346V|Y384F|V401L|W417T
G2,A302T|N346V|C348T|Y384F|V401L
G3,A302T|N346V|C348V|Y384F|V401L
G4,A302T|N346V|C348W|Y384F|V401L
G5,A302T|Y306L|N346A|C348A|Y384F|V401L|W417L
G6,A302T|Y306A|N346A|C348A|Y384F|V401L|W417L
G7,A302T|Y306L|N346V|C348A|Y384F|V401L|W417S
G8,A302T|Y306T|N346V|C348A|Y384F|V401L|W417S
G9,A302T|Y306F|N346V|C348A|Y384F|V401L|W417S
G10,A302T|Y306V|N346V|C348A|Y384F|V401L|W417S
G11,A302T|Y306L|N346V|C348T|Y384F|V401L
G12,A302T|Y306A|N346V|C348T|Y384F|V401L
H4,N346G|C348G|Y384F
H5,Y306G|Y384F
H6,Y306G|Y384F|I405R
H7,K214N|M276N|Y306G|Y384F|I413S
H8,K214N|M276N|Y306G|Y384F|I405R|I413S
H9,K214N|M276N|Y306A|Y384F|I405R|I413S
H10,N346Q|C348A|V401M
H11,M276P|N346Q|C348A|V401M
H12,N346Q|C348T|V401M
N5,Y306C|N346Q|Y384F|V401C
N6,L309A|C348S|Y384F|V401C
N7,Y306C|C348S|Y384F|V401C
N8,L309A|N346Q|Y384F|V401C
N9,L305C|L309V|N346Q|Y384F|V401C
N10,Y306G|C348S|Y384F
N11,Y306G|C348F|Y384F
N12,Y306G|C348A|Y384F|I405R
P1,L301M|L305I|Y306F|L309A|C348F
P2,L309A|C348F
P3,L305I|Y306F|L309A|C348F
P4,L309V|C348F
P5,Y306F|L309A|C348T|I405A|K415E
P6,C348T|Y384F
P7,L309A|C348I
P8,L309A|C348S
P9,L309A
P10,L309A|C348V
P11,L309A|C348V|Y384F
P12,L309A|Y384F|K415E
Q1,Y306L|L309A|C348S|Y384F
Q2,L309A|C348T|Y384F
Q3,C348S|Y384F
Q4,L309A|Y384F
Q5,L309A|C348F
Q6,C348F|Y384F
Q7,C348F|Y384W
Q8,C348T|F366L|E396K|F434C|K435I
Q9,Y306F|L309A|C348T|Y384F
Q10,L309A|C348F
Q11,L309A|C348F|Y384F
Q12,L309A|C348F|K435R
I1,L305F|L309M|N346G|C348G|Y384A
I2,L305C|L309M|N346G|C348G|Y384F|W417A
I3,L305F|L309M|N346G|C348G|Y384W|W417Y
I4,L305F|L309V|N346G|C348G|Y384W|W417A
I5,L305F|L309M|N346E|C348G|Y384W|W417A
I6,L305C|L309M|N346Q|C348G|Y384W|W417Y
I7,L305C|L309V|N346Q|C348G|Y384W|W417Y
I8,L305F|L309M|N346E|C348G|Y384F|W417Y
I9,L305C|L309M|N346G|C348G|Y384W|W417A
I10,L305F|L309M|N346Q|C348G|Y384W
I11,L305C|L309M|N346Q|C348G|Y384W|W417A
I12,L305C|L309V|N346Q|C348G|Y384W
J1,L305F|L309V|N346G|C348G|Y384F
J2,L305C|L309M|N346G|C348G|Y384F|W417Y
J3,L305C|L309V|N346Q|C348G|Y384F
J4,L305F|L309V|N346E|C348G|Y384F|W417Y
J5,L305F|L309M|N346E|C348G|Y384W|W417Y
J6,L305C|L309M|N346E|C348G|Y384W|W417A
J7,L305C|L309M|N346E|C348G|Y384W
J8,L305F|L309M|N346E|C348G|Y384W
J9,L305C|L309M|N346E|C348G|Y384F|W417Y
J10,L305F|L309M|N346Q|C348G|Y384W|W417A
J11,L305C|L309V|N346G|C348G|Y384W|W417Y
J12,L305F|L309V|N346E|C348G|Y384W|W417Y
K1,L305F|L309M|N346Q|C348G|Y384F
K2,L305F|L309V|N346G|C348G|Y384F|W417A
K3,L305C|L309V|N346G|C348G|Y384F|W417A
K4,L305F|L309V|N346Q|C348G|Y384F|W417Y
K5,L305C|L309V|N346Q|C348G|Y384F|W417A
K6,L305C|L309M|N346E|C348G|Y384W|W417Y
K7,L305C|L309V|N346E|C348G|Y384W|W417Y
K8,L305F|L309M|N346Q|C348G|Y384F|W417Y
K9,L305C|L309M|N346Q|C348G|Y384F|W417Y
K10,L305F|L309V|N346G|C348G|Y384W|W417Y
K11,L305C|L309V|N346G|C348G|Y384W|W417A
K12,L305F|L309V|N346E|C348G|Y384W|W417A
L1,L305F|L309M|N346E|C348G|Y384F
L2,L305F|L309V|N346G|C348G|Y384F|W417Y
L3,L305C|L309V|N346G|C348G|Y384F|W417Y
L4,L305F|L309V|N346Q|C348G|Y384F|W417A
L5,L305C|L309V|N346Q|C348G|Y384F|W417Y
L6,L305F|L309V|N346Q|C348G|Y384W|W417A
L7,L305F|L309M|N346G|C348G|Y384W
L8,L305F|L309M|N346Q|C348G|Y384A
L9,L305C|L309M|N346Q|C348G|Y384F|W417A
L10,L305C|L309M|N346G|C348G|Y384W|W417Y
L11,L305C|L309V|N346E|C348G|Y384F|W417Y
L12,L305F|L309V|N346Q|C348G|Y384W|W417Y
M1,L305F|L309V|N346Q|C348G|Y384F
M2,L305F|L309V|N346E|C348G|Y384F
M3,L305F|L309V|N346G|C348G|Y384W
M4,L305F|L309M|N346E|C348G|Y384F|W417A
M5,L305C|L309M|N346E|C348G|Y384F|W417A
M6,L305F|L309V|N346Q|C348G|Y384W
M7,L305F|L309V|N346E|C348G|Y384W
M8,L305C|L309V|N346E|C348G|Y384F|W417A
M9,L305F|L309M|N346G|C348G|Y384F|W417A
M10,L305F|L309M|N346G|C348G|Y384F|W417Y
M11,L305C|L309V|N346Q|C348G|Y384A
M12,L305F|L309V|N346E|C348G|Y384F|W417A
N1,L305C|L309M|N346Q|C348G|Y384W
N2,L305F|L309M|N346G|C348G|Y384W|W417A
N3,L305C|L309V|N346E|C348G|Y384W
N4,L309A|N346Q|Y384F
