,Unnamed: 0,mutant,esm_msa1b_t12_100M_UR50S
0,0,A302A,0.0
1,1,A302C,-10.293680191040039
2,2,A302D,-10.998169898986816
3,3,A302E,-10.107056617736816
4,4,A302F,-12.480581283569336
5,5,A302G,-7.292996406555176
6,6,A302H,-13.7472562789917
7,7,A302I,-10.52183723449707
8,8,A302K,-12.400182723999023
9,9,A302L,-11.069231986999512
10,10,A302M,-10.702948570251465
11,11,A302N,-12.327747344970703
12,12,A302P,-9.327244758605957
13,13,A302Q,-12.516487121582031
14,14,A302R,-11.94845962524414
15,15,A302S,-5.95361852645874
16,16,A302T,-6.8395256996154785
17,17,A302V,-7.11150598526001
18,18,A302W,-15.576778411865234
19,19,A302Y,-13.702421188354492
20,20,L305A,-11.436869621276855
21,21,L305C,-11.835277557373047
22,22,L305D,-16.078786849975586
23,23,L305E,-14.84909439086914
24,24,L305F,-7.572262763977051
25,25,L305G,-13.686614990234375
26,26,L305H,-11.736988067626953
27,27,L305I,-6.267986297607422
28,28,L305K,-14.17934513092041
29,29,L305M,-6.833370685577393
30,30,L305N,-14.32954216003418
31,31,L305P,-10.211421012878418
32,32,L305Q,-10.901841163635254
33,33,L305R,-11.067093849182129
34,34,L305S,-11.070732116699219
35,35,L305T,-11.719079971313477
36,36,L305V,-7.241410255432129
37,37,L305W,-12.404634475708008
38,38,L305Y,-12.269155502319336
39,39,Y306A,-13.983120918273926
40,40,Y306C,-9.023712158203125
41,41,Y306D,-12.17800521850586
42,42,Y306E,-14.586176872253418
43,43,Y306F,-7.252894878387451
44,44,Y306G,-13.662091255187988
45,45,Y306H,-8.445945739746094
46,46,Y306I,-13.08310604095459
47,47,Y306K,-14.725011825561523
48,48,Y306L,-11.567987442016602
49,49,Y306M,-14.47368335723877
50,50,Y306N,-11.386734962463379
51,51,Y306P,-13.482255935668945
52,52,Y306Q,-13.13054084777832
53,53,Y306R,-12.932369232177734
54,54,Y306S,-10.853901863098145
55,55,Y306T,-14.218170166015625
56,56,Y306V,-13.359541893005371
57,57,Y306W,-11.877470970153809
58,58,L309A,-11.369235038757324
59,59,L309C,-11.738916397094727
60,60,L309D,-16.716459274291992
61,61,L309E,-14.711636543273926
62,62,L309F,-6.8782243728637695
63,63,L309G,-14.190582275390625
64,64,L309H,-12.088305473327637
65,65,L309I,-6.134751319885254
66,66,L309K,-13.894220352172852
67,67,L309M,-5.8445587158203125
68,68,L309N,-14.399638175964355
69,69,L309P,-10.871255874633789
70,70,L309Q,-10.271932601928711
71,71,L309R,-11.304648399353027
72,72,L309S,-10.43157958984375
73,73,L309T,-11.599495887756348
74,74,L309V,-7.466151237487793
75,75,L309W,-10.332985877990723
76,76,L309Y,-11.755859375
77,77,N346A,-12.993709564208984
78,78,N346C,-11.94867992401123
79,79,N346D,-9.316305160522461
80,80,N346E,-13.306219100952148
81,81,N346F,-16.013856887817383
82,82,N346G,-11.676803588867188
83,83,N346H,-9.619139671325684
84,84,N346I,-12.00690746307373
85,85,N346K,-10.866495132446289
86,86,N346L,-14.725064277648926
87,87,N346M,-14.774933815002441
88,88,N346P,-14.338471412658691
89,89,N346Q,-12.259074211120605
90,90,N346R,-12.745929718017578
91,91,N346S,-8.281259536743164
92,92,N346T,-9.887137413024902
93,93,N346V,-14.007120132446289
94,94,N346W,-18.6960506439209
95,95,N346Y,-12.623345375061035
96,96,C348A,-9.138480186462402
97,97,C348D,-13.06822395324707
98,98,C348E,-14.815488815307617
99,99,C348F,-9.792570114135742
100,100,C348G,-8.860225677490234
101,101,C348H,-13.056007385253906
102,102,C348I,-11.220088005065918
103,103,C348K,-15.271188735961914
104,104,C348L,-11.139338493347168
105,105,C348M,-13.334976196289062
106,106,C348N,-12.220783233642578
107,107,C348P,-13.796674728393555
108,108,C348Q,-14.311574935913086
109,109,C348R,-10.571438789367676
110,110,C348S,-7.413654327392578
111,111,C348T,-9.7955904006958
112,112,C348V,-8.641580581665039
113,113,C348W,-11.5696439743042
114,114,C348Y,-9.737861633300781
115,115,Y384A,-13.376895904541016
116,116,Y384C,-9.086174964904785
117,117,Y384D,-10.791715621948242
118,118,Y384E,-12.416387557983398
119,119,Y384F,-7.240523338317871
120,120,Y384G,-13.107780456542969
121,121,Y384H,-8.626199722290039
122,122,Y384I,-12.6806058883667
123,123,Y384K,-13.327077865600586
124,124,Y384L,-11.463662147521973
125,125,Y384M,-13.740201950073242
126,126,Y384N,-10.940807342529297
127,127,Y384P,-13.448201179504395
128,128,Y384Q,-12.526022911071777
129,129,Y384R,-12.481657028198242
130,130,Y384S,-10.305243492126465
131,131,Y384T,-13.698688507080078
132,132,Y384V,-12.963142395019531
133,133,Y384W,-11.596352577209473
134,134,V401A,-5.758111953735352
135,135,V401C,-10.336627960205078
136,136,V401D,-13.071534156799316
137,137,V401E,-11.78506851196289
138,138,V401F,-10.450477600097656
139,139,V401G,-10.463199615478516
140,140,V401H,-16.208141326904297
141,141,V401I,-5.765413284301758
142,142,V401K,-14.114889144897461
143,143,V401L,-8.268482208251953
144,144,V401M,-8.080556869506836
145,145,V401N,-13.634130477905273
146,146,V401P,-13.128954887390137
147,147,V401Q,-14.177129745483398
148,148,V401R,-14.154024124145508
149,149,V401S,-10.083812713623047
150,150,V401T,-8.827499389648438
151,151,V401W,-15.874247550964355
152,152,V401Y,-14.689178466796875
153,153,W417A,-13.179727554321289
154,154,W417C,-9.406229019165039
155,155,W417D,-15.918081283569336
156,156,W417E,-14.835695266723633
157,157,W417F,-9.416236877441406
158,158,W417G,-11.293059349060059
159,159,W417H,-13.607815742492676
160,160,W417I,-12.56214427947998
161,161,W417K,-14.020227432250977
162,162,W417L,-9.530674934387207
163,163,W417M,-12.0766019821167
164,164,W417N,-14.901349067687988
165,165,W417P,-14.39578914642334
166,166,W417Q,-13.033315658569336
167,167,W417R,-9.854479789733887
168,168,W417S,-10.890405654907227
169,169,W417T,-14.03989028930664
170,170,W417V,-12.501333236694336
171,171,W417Y,-9.562101364135742
